subject_index,video_index,y_true,y_pred
0,1,0,3
0,2,0,3
0,3,0,5
0,4,1,8
0,5,1,5
0,6,1,7
0,7,2,5
0,8,2,3
0,9,2,4
0,10,3,5
0,11,3,8
0,12,3,5
0,13,4,5
0,14,4,5
0,15,4,8
0,16,4,8
0,17,5,4
0,18,5,8
0,19,5,5
0,20,6,4
0,21,6,4
0,22,6,4
0,23,7,0
0,24,7,4
0,25,7,3
0,26,8,1
0,27,8,3
0,28,8,8
1,1,0,4
1,2,0,1
1,3,0,3
1,4,1,4
1,5,1,1
1,6,1,8
1,7,2,4
1,8,2,6
1,9,2,8
1,10,3,4
1,11,3,3
1,12,3,6
1,13,4,8
1,14,4,7
1,15,4,5
1,16,4,8
1,17,5,2
1,18,5,7
1,19,5,0
1,20,6,6
1,21,6,3
1,22,6,3
1,23,7,4
1,24,7,3
1,25,7,5
1,26,8,5
1,27,8,4
1,28,8,7
2,1,0,6
2,2,0,8
2,3,0,7
2,4,1,7
2,5,1,5
2,6,1,6
2,7,2,4
2,8,2,6
2,9,2,0
2,10,3,6
2,11,3,6
2,12,3,3
2,13,4,7
2,14,4,3
2,15,4,7
2,16,4,4
2,17,5,8
2,18,5,8
2,19,5,8
2,20,6,0
2,21,6,4
2,22,6,4
2,23,7,3
2,24,7,7
2,25,7,4
2,26,8,4
2,27,8,4
2,28,8,8
3,1,0,3
3,2,0,4
3,3,0,4
3,4,1,0
3,5,1,2
3,6,1,7
3,7,2,8
3,8,2,1
3,9,2,3
3,10,3,4
3,11,3,8
3,12,3,4
3,13,4,3
3,14,4,0
3,15,4,2
3,16,4,8
3,17,5,0
3,18,5,4
3,19,5,4
3,20,6,4
3,21,6,8
3,22,6,7
3,23,7,8
3,24,7,5
3,25,7,8
3,26,8,5
3,27,8,4
3,28,8,4
4,1,0,7
4,2,0,4
4,3,0,4
4,4,1,4
4,5,1,3
4,6,1,3
4,7,2,5
4,8,2,8
4,9,2,5
4,10,3,4
4,11,3,4
4,12,3,2
4,13,4,4
4,14,4,3
4,15,4,5
4,16,4,8
4,17,5,5
4,18,5,4
4,19,5,4
4,20,6,0
4,21,6,0
4,22,6,6
4,23,7,5
4,24,7,4
4,25,7,2
4,26,8,4
4,27,8,4
4,28,8,4
5,1,0,6
5,2,0,5
5,3,0,5
5,4,1,4
5,5,1,5
5,6,1,6
5,7,2,0
5,8,2,3
5,9,2,5
5,10,3,8
5,11,3,4
5,12,3,3
5,13,4,7
5,14,4,4
5,15,4,4
5,16,4,1
5,17,5,1
5,18,5,5
5,19,5,1
5,20,6,1
5,21,6,6
5,22,6,6
5,23,7,6
5,24,7,4
5,25,7,4
5,26,8,4
5,27,8,4
5,28,8,7
6,1,0,3
6,2,0,1
6,3,0,1
6,4,1,4
6,5,1,8
6,6,1,1
6,7,2,7
6,8,2,4
6,9,2,4
6,10,3,4
6,11,3,4
6,12,3,4
6,13,4,4
6,14,4,4
6,15,4,8
6,16,4,5
6,17,5,3
6,18,5,3
6,19,5,5
6,20,6,3
6,21,6,4
6,22,6,6
6,23,7,4
6,24,7,7
6,25,7,3
6,26,8,1
6,27,8,3
6,28,8,7
7,1,0,5
7,2,0,3
7,3,0,3
7,4,1,3
7,5,1,2
7,6,1,6
7,7,2,1
7,8,2,4
7,9,2,4
7,10,3,3
7,11,3,8
7,12,3,3
7,13,4,2
7,14,4,3
7,15,4,3
7,16,4,4
7,17,5,5
7,18,5,4
7,19,5,5
7,20,6,4
7,21,6,3
7,22,6,4
7,23,7,8
7,24,7,4
7,25,7,3
7,26,8,3
7,27,8,8
7,28,8,3
8,1,0,6
8,2,0,6
8,3,0,5
8,4,1,1
8,5,1,4
8,6,1,7
8,7,2,2
8,8,2,3
8,9,2,3
8,10,3,4
8,11,3,4
8,12,3,2
8,13,4,4
8,14,4,5
8,15,4,4
8,16,4,6
8,17,5,5
8,18,5,7
8,19,5,8
8,20,6,5
8,21,6,4
8,22,6,4
8,23,7,5
8,24,7,8
8,25,7,5
8,26,8,3
8,27,8,5
8,28,8,4
9,1,0,6
9,2,0,4
9,3,0,8
9,4,1,8
9,5,1,5
9,6,1,5
9,7,2,3
9,8,2,3
9,9,2,3
9,10,3,8
9,11,3,3
9,12,3,0
9,13,4,4
9,14,4,4
9,15,4,1
9,16,4,4
9,17,5,4
9,18,5,7
9,19,5,6
9,20,6,6
9,21,6,1
9,22,6,4
9,23,7,4
9,24,7,6
9,25,7,4
9,26,8,6
9,27,8,1
9,28,8,0
10,1,0,6
10,2,0,3
10,3,0,8
10,4,1,7
10,5,1,4
10,6,1,8
10,7,2,4
10,8,2,3
10,9,2,5
10,10,3,2
10,11,3,4
10,12,3,5
10,13,4,4
10,14,4,5
10,15,4,4
10,16,4,7
10,17,5,5
10,18,5,1
10,19,5,5
10,20,6,8
10,21,6,3
10,22,6,1
10,23,7,6
10,24,7,4
10,25,7,7
10,26,8,6
10,27,8,4
10,28,8,4
11,1,0,3
11,2,0,4
11,3,0,5
11,4,1,5
11,5,1,8
11,6,1,3
11,7,2,5
11,8,2,3
11,9,2,4
11,10,3,8
11,11,3,3
11,12,3,8
11,13,4,7
11,14,4,4
11,15,4,4
11,16,4,8
11,17,5,5
11,18,5,5
11,19,5,5
11,20,6,8
11,21,6,5
11,22,6,3
11,23,7,5
11,24,7,6
11,25,7,3
11,26,8,3
11,27,8,8
11,28,8,4
12,1,0,3
12,2,0,7
12,3,0,5
12,4,1,8
12,5,1,4
12,6,1,4
12,7,2,7
12,8,2,3
12,9,2,8
12,10,3,5
12,11,3,4
12,12,3,7
12,13,4,1
12,14,4,7
12,15,4,2
12,16,4,3
12,17,5,5
12,18,5,5
12,19,5,5
12,20,6,6
12,21,6,4
12,22,6,7
12,23,7,4
12,24,7,4
12,25,7,5
12,26,8,7
12,27,8,7
12,28,8,7
13,1,0,4
13,2,0,4
13,3,0,4
13,4,1,5
13,5,1,0
13,6,1,8
13,7,2,3
13,8,2,6
13,9,2,1
13,10,3,4
13,11,3,2
13,12,3,4
13,13,4,8
13,14,4,1
13,15,4,4
13,16,4,3
13,17,5,1
13,18,5,8
13,19,5,5
13,20,6,3
13,21,6,8
13,22,6,4
13,23,7,5
13,24,7,4
13,25,7,6
13,26,8,6
13,27,8,4
13,28,8,7
14,1,0,5
14,2,0,2
14,3,0,2
14,4,1,4
14,5,1,3
14,6,1,2
14,7,2,8
14,8,2,5
14,9,2,2
14,10,3,4
14,11,3,5
14,12,3,6
14,13,4,4
14,14,4,8
14,15,4,8
14,16,4,4
14,17,5,8
14,18,5,8
14,19,5,8
14,20,6,3
14,21,6,3
14,22,6,4
14,23,7,8
14,24,7,6
14,25,7,8
14,26,8,3
14,27,8,0
14,28,8,4
15,1,0,3
15,2,0,6
15,3,0,5
15,4,1,4
15,5,1,5
15,6,1,6
15,7,2,5
15,8,2,6
15,9,2,8
15,10,3,3
15,11,3,3
15,12,3,1
15,13,4,4
15,14,4,3
15,15,4,5
15,16,4,6
15,17,5,2
15,18,5,5
15,19,5,3
15,20,6,4
15,21,6,3
15,22,6,7
15,23,7,4
15,24,7,5
15,25,7,5
15,26,8,3
15,27,8,8
15,28,8,5
16,1,0,1
16,2,0,3
16,3,0,6
16,4,1,7
16,5,1,4
16,6,1,4
16,7,2,4
16,8,2,4
16,9,2,3
16,10,3,4
16,11,3,8
16,12,3,4
16,13,4,4
16,14,4,4
16,15,4,8
16,16,4,4
16,17,5,4
16,18,5,4
16,19,5,3
16,20,6,8
16,21,6,4
16,22,6,4
16,23,7,8
16,24,7,3
16,25,7,4
16,26,8,7
16,27,8,8
16,28,8,4
17,1,0,3
17,2,0,4
17,3,0,5
17,4,1,8
17,5,1,8
17,6,1,8
17,7,2,3
17,8,2,2
17,9,2,3
17,10,3,7
17,11,3,8
17,12,3,5
17,13,4,4
17,14,4,8
17,15,4,8
17,16,4,8
17,17,5,5
17,18,5,7
17,19,5,5
17,20,6,3
17,21,6,7
17,22,6,8
17,23,7,1
17,24,7,4
17,25,7,7
17,26,8,4
17,27,8,4
17,28,8,7
18,1,0,4
18,2,0,3
18,3,0,5
18,4,1,8
18,5,1,4
18,6,1,8
18,7,2,5
18,8,2,8
18,9,2,8
18,10,3,6
18,11,3,8
18,12,3,6
18,13,4,8
18,14,4,5
18,15,4,0
18,16,4,8
18,17,5,4
18,18,5,4
18,19,5,4
18,20,6,8
18,21,6,8
18,22,6,8
18,23,7,8
18,24,7,4
18,25,7,6
18,26,8,8
18,27,8,8
18,28,8,8
19,1,0,8
19,2,0,8
19,3,0,4
19,4,1,7
19,5,1,5
19,6,1,7
19,7,2,4
19,8,2,4
19,9,2,8
19,10,3,8
19,11,3,3
19,12,3,0
19,13,4,1
19,14,4,5
19,15,4,4
19,16,4,6
19,17,5,5
19,18,5,5
19,19,5,7
19,20,6,7
19,21,6,4
19,22,6,4
19,23,7,7
19,24,7,8
19,25,7,3
19,26,8,3
19,27,8,3
19,28,8,0
20,1,0,4
20,2,0,7
20,3,0,4
20,4,1,7
20,5,1,2
20,6,1,4
20,7,2,7
20,8,2,8
20,9,2,4
20,10,3,8
20,11,3,4
20,12,3,3
20,13,4,6
20,14,4,4
20,15,4,4
20,16,4,7
20,17,5,5
20,18,5,7
20,19,5,0
20,20,6,8
20,21,6,4
20,22,6,6
20,23,7,8
20,24,7,6
20,25,7,8
20,26,8,8
20,27,8,8
20,28,8,4
21,1,0,8
21,2,0,3
21,3,0,3
21,4,1,5
21,5,1,0
21,6,1,7
21,7,2,5
21,8,2,6
21,9,2,8
21,10,3,6
21,11,3,8
21,12,3,4
21,13,4,4
21,14,4,8
21,15,4,4
21,16,4,8
21,17,5,5
21,18,5,5
21,19,5,5
21,20,6,6
21,21,6,3
21,22,6,5
21,23,7,5
21,24,7,3
21,25,7,8
21,26,8,3
21,27,8,6
21,28,8,4
22,1,0,8
22,2,0,0
22,3,0,8
22,4,1,4
22,5,1,8
22,6,1,6
22,7,2,7
22,8,2,4
22,9,2,4
22,10,3,7
22,11,3,5
22,12,3,5
22,13,4,7
22,14,4,6
22,15,4,7
22,16,4,8
22,17,5,5
22,18,5,5
22,19,5,0
22,20,6,7
22,21,6,6
22,22,6,8
22,23,7,7
22,24,7,5
22,25,7,0
22,26,8,8
22,27,8,2
22,28,8,5
23,1,0,4
23,2,0,8
23,3,0,6
23,4,1,4
23,5,1,4
23,6,1,1
23,7,2,8
23,8,2,4
23,9,2,5
23,10,3,0
23,11,3,3
23,12,3,3
23,13,4,7
23,14,4,7
23,15,4,4
23,16,4,4
23,17,5,5
23,18,5,5
23,19,5,0
23,20,6,4
23,21,6,3
23,22,6,8
23,23,7,7
23,24,7,4
23,25,7,7
23,26,8,3
23,27,8,8
23,28,8,4
24,1,0,8
24,2,0,0
24,3,0,4
24,4,1,2
24,5,1,8
24,6,1,3
24,7,2,3
24,8,2,0
24,9,2,3
24,10,3,6
24,11,3,6
24,12,3,3
24,13,4,1
24,14,4,4
24,15,4,4
24,16,4,1
24,17,5,5
24,18,5,8
24,19,5,4
24,20,6,4
24,21,6,1
24,22,6,3
24,23,7,3
24,24,7,8
24,25,7,6
24,26,8,6
24,27,8,6
24,28,8,6
25,1,0,6
25,2,0,0
25,3,0,0
25,4,1,8
25,5,1,4
25,6,1,6
25,7,2,6
25,8,2,4
25,9,2,7
25,10,3,7
25,11,3,6
25,12,3,4
25,13,4,4
25,14,4,4
25,15,4,6
25,16,4,6
25,17,5,5
25,18,5,8
25,19,5,4
25,20,6,8
25,21,6,7
25,22,6,8
25,23,7,1
25,24,7,0
25,25,7,5
25,26,8,3
25,27,8,8
25,28,8,5
26,1,0,7
26,2,0,6
26,3,0,3
26,4,1,6
26,5,1,5
26,6,1,5
26,7,2,6
26,8,2,4
26,9,2,6
26,10,3,3
26,11,3,3
26,12,3,4
26,13,4,1
26,14,4,1
26,15,4,6
26,16,4,4
26,17,5,5
26,18,5,0
26,19,5,1
26,20,6,5
26,21,6,5
26,22,6,8
26,23,7,4
26,24,7,1
26,25,7,5
26,26,8,5
26,27,8,5
26,28,8,3
27,1,0,8
27,2,0,4
27,3,0,3
27,4,1,5
27,5,1,0
27,6,1,6
27,7,2,4
27,8,2,2
27,9,2,0
27,10,3,0
27,11,3,0
27,12,3,6
27,13,4,5
27,14,4,4
27,15,4,0
27,16,4,6
27,17,5,5
27,18,5,5
27,19,5,4
27,20,6,6
27,21,6,6
27,22,6,8
27,23,7,7
27,24,7,8
27,25,7,1
27,26,8,0
27,27,8,4
27,28,8,0
28,1,0,4
28,2,0,3
28,3,0,5
28,4,1,7
28,5,1,8
28,6,1,4
28,7,2,4
28,8,2,3
28,9,2,1
28,10,3,3
28,11,3,8
28,12,3,4
28,13,4,5
28,14,4,6
28,15,4,4
28,16,4,4
28,17,5,8
28,18,5,5
28,19,5,7
28,20,6,1
28,21,6,4
28,22,6,7
28,23,7,5
28,24,7,5
28,25,7,8
28,26,8,3
28,27,8,0
28,28,8,8
29,1,0,8
29,2,0,4
29,3,0,4
29,4,1,1
29,5,1,0
29,6,1,3
29,7,2,4
29,8,2,5
29,9,2,3
29,10,3,7
29,11,3,4
29,12,3,0
29,13,4,4
29,14,4,5
29,15,4,6
29,16,4,4
29,17,5,5
29,18,5,4
29,19,5,5
29,20,6,8
29,21,6,6
29,22,6,6
29,23,7,6
29,24,7,4
29,25,7,7
29,26,8,1
29,27,8,4
29,28,8,1
30,1,0,8
30,2,0,5
30,3,0,3
30,4,1,5
30,5,1,3
30,6,1,8
30,7,2,8
30,8,2,4
30,9,2,4
30,10,3,4
30,11,3,4
30,12,3,3
30,13,4,7
30,14,4,8
30,15,4,3
30,16,4,3
30,17,5,7
30,18,5,5
30,19,5,5
30,20,6,4
30,21,6,5
30,22,6,8
30,23,7,0
30,24,7,0
30,25,7,1
30,26,8,7
30,27,8,7
30,28,8,0
31,1,0,7
31,2,0,8
31,3,0,8
31,4,1,7
31,5,1,7
31,6,1,7
31,7,2,8
31,8,2,6
31,9,2,7
31,10,3,6
31,11,3,5
31,12,3,8
31,13,4,8
31,14,4,7
31,15,4,7
31,16,4,7
31,17,5,1
31,18,5,7
31,19,5,2
31,20,6,2
31,21,6,2
31,22,6,7
31,23,7,7
31,24,7,1
31,25,7,2
31,26,8,1
31,27,8,8
31,28,8,7
32,1,0,0
32,2,0,7
32,3,0,5
32,4,1,5
32,5,1,8
32,6,1,6
32,7,2,2
32,8,2,7
32,9,2,0
32,10,3,8
32,11,3,5
32,12,3,0
32,13,4,0
32,14,4,0
32,15,4,4
32,16,4,4
32,17,5,0
32,18,5,8
32,19,5,5
32,20,6,4
32,21,6,6
32,22,6,5
32,23,7,0
32,24,7,6
32,25,7,0
32,26,8,8
32,27,8,0
32,28,8,0
33,1,0,6
33,2,0,7
33,3,0,5
33,4,1,7
33,5,1,7
33,6,1,0
33,7,2,7
33,8,2,6
33,9,2,3
33,10,3,3
33,11,3,4
33,12,3,5
33,13,4,7
33,14,4,6
33,15,4,6
33,16,4,4
33,17,5,4
33,18,5,7
33,19,5,5
33,20,6,6
33,21,6,4
33,22,6,3
33,23,7,6
33,24,7,1
33,25,7,4
33,26,8,2
33,27,8,6
33,28,8,4
34,1,0,3
34,2,0,7
34,3,0,3
34,4,1,1
34,5,1,3
34,6,1,7
34,7,2,0
34,8,2,4
34,9,2,5
34,10,3,0
34,11,3,6
34,12,3,4
34,13,4,2
34,14,4,1
34,15,4,2
34,16,4,6
34,17,5,5
34,18,5,5
34,19,5,2
34,20,6,0
34,21,6,6
34,22,6,6
34,23,7,5
34,24,7,3
34,25,7,4
34,26,8,2
34,27,8,8
34,28,8,6
35,1,0,7
35,2,0,3
35,3,0,0
35,4,1,4
35,5,1,0
35,6,1,7
35,7,2,8
35,8,2,7
35,9,2,5
35,10,3,6
35,11,3,3
35,12,3,7
35,13,4,7
35,14,4,8
35,15,4,6
35,16,4,0
35,17,5,3
35,18,5,7
35,19,5,0
35,20,6,2
35,21,6,7
35,22,6,1
35,23,7,6
35,24,7,3
35,25,7,8
35,26,8,6
35,27,8,5
35,28,8,0
36,1,0,1
36,2,0,4
36,3,0,7
36,4,1,5
36,5,1,4
36,6,1,7
36,7,2,5
36,8,2,1
36,9,2,7
36,10,3,2
36,11,3,3
36,12,3,0
36,13,4,4
36,14,4,7
36,15,4,0
36,16,4,0
36,17,5,5
36,18,5,0
36,19,5,5
36,20,6,1
36,21,6,0
36,22,6,4
36,23,7,6
36,24,7,4
36,25,7,8
36,26,8,0
36,27,8,6
36,28,8,1
37,1,0,0
37,2,0,5
37,3,0,5
37,4,1,8
37,5,1,6
37,6,1,3
37,7,2,7
37,8,2,8
37,9,2,1
37,10,3,0
37,11,3,3
37,12,3,3
37,13,4,1
37,14,4,0
37,15,4,1
37,16,4,4
37,17,5,5
37,18,5,5
37,19,5,5
37,20,6,6
37,21,6,5
37,22,6,6
37,23,7,8
37,24,7,3
37,25,7,4
37,26,8,1
37,27,8,5
37,28,8,7
38,1,0,4
38,2,0,5
38,3,0,5
38,4,1,2
38,5,1,4
38,6,1,8
38,7,2,5
38,8,2,0
38,9,2,4
38,10,3,3
38,11,3,2
38,12,3,7
38,13,4,2
38,14,4,6
38,15,4,4
38,16,4,6
38,17,5,5
38,18,5,3
38,19,5,5
38,20,6,4
38,21,6,7
38,22,6,4
38,23,7,5
38,24,7,1
38,25,7,5
38,26,8,8
38,27,8,5
38,28,8,5
39,1,0,8
39,2,0,1
39,3,0,5
39,4,1,5
39,5,1,8
39,6,1,5
39,7,2,4
39,8,2,4
39,9,2,4
39,10,3,3
39,11,3,5
39,12,3,6
39,13,4,1
39,14,4,4
39,15,4,4
39,16,4,5
39,17,5,4
39,18,5,5
39,19,5,6
39,20,6,8
39,21,6,4
39,22,6,4
39,23,7,7
39,24,7,3
39,25,7,5
39,26,8,6
39,27,8,1
39,28,8,7
40,1,0,8
40,2,0,5
40,3,0,7
40,4,1,4
40,5,1,8
40,6,1,8
40,7,2,0
40,8,2,6
40,9,2,2
40,10,3,4
40,11,3,7
40,12,3,7
40,13,4,7
40,14,4,1
40,15,4,8
40,16,4,6
40,17,5,6
40,18,5,7
40,19,5,5
40,20,6,4
40,21,6,3
40,22,6,5
40,23,7,6
40,24,7,6
40,25,7,0
40,26,8,4
40,27,8,8
40,28,8,7
41,1,0,0
41,2,0,8
41,3,0,0
41,4,1,4
41,5,1,3
41,6,1,6
41,7,2,8
41,8,2,6
41,9,2,5
41,10,3,3
41,11,3,6
41,12,3,5
41,13,4,8
41,14,4,5
41,15,4,6
41,16,4,0
41,17,5,4
41,18,5,5
41,19,5,5
41,20,6,7
41,21,6,5
41,22,6,3
41,23,7,3
41,24,7,0
41,25,7,3
41,26,8,6
41,27,8,8
41,28,8,8
42,1,0,7
42,2,0,6
42,3,0,1
42,4,1,1
42,5,1,5
42,6,1,6
42,7,2,5
42,8,2,7
42,9,2,8
42,10,3,6
42,11,3,5
42,12,3,3
42,13,4,3
42,14,4,6
42,15,4,8
42,16,4,8
42,17,5,5
42,18,5,2
42,19,5,5
42,20,6,4
42,21,6,6
42,22,6,1
42,23,7,0
42,24,7,1
42,25,7,6
42,26,8,3
42,27,8,0
42,28,8,4
43,1,0,5
43,2,0,6
43,3,0,3
43,4,1,4
43,5,1,8
43,6,1,2
43,7,2,6
43,8,2,6
43,9,2,2
43,10,3,4
43,11,3,4
43,12,3,2
43,13,4,5
43,14,4,6
43,15,4,3
43,16,4,2
43,17,5,2
43,18,5,3
43,19,5,2
43,20,6,6
43,21,6,8
43,22,6,2
43,23,7,2
43,24,7,4
43,25,7,0
43,26,8,2
43,27,8,4
43,28,8,4
44,1,0,4
44,2,0,2
44,3,0,5
44,4,1,2
44,5,1,2
44,6,1,1
44,7,2,7
44,8,2,2
44,9,2,2
44,10,3,0
44,11,3,6
44,12,3,2
44,13,4,2
44,14,4,2
44,15,4,7
44,16,4,7
44,17,5,7
44,18,5,7
44,19,5,2
44,20,6,5
44,21,6,2
44,22,6,3
44,23,7,3
44,24,7,3
44,25,7,7
44,26,8,2
44,27,8,3
44,28,8,0
45,1,0,8
45,2,0,4
45,3,0,3
45,4,1,8
45,5,1,4
45,6,1,4
45,7,2,4
45,8,2,7
45,9,2,4
45,10,3,4
45,11,3,4
45,12,3,0
45,13,4,1
45,14,4,4
45,15,4,5
45,16,4,7
45,17,5,5
45,18,5,0
45,19,5,4
45,20,6,4
45,21,6,4
45,22,6,7
45,23,7,6
45,24,7,8
45,25,7,5
45,26,8,6
45,27,8,6
45,28,8,4
46,1,0,7
46,2,0,7
46,3,0,2
46,4,1,4
46,5,1,4
46,6,1,7
46,7,2,2
46,8,2,8
46,9,2,7
46,10,3,2
46,11,3,3
46,12,3,8
46,13,4,4
46,14,4,7
46,15,4,2
46,16,4,8
46,17,5,8
46,18,5,8
46,19,5,5
46,20,6,5
46,21,6,7
46,22,6,7
46,23,7,8
46,24,7,8
46,25,7,2
46,26,8,8
46,27,8,7
46,28,8,7
47,1,0,1
47,2,0,7
47,3,0,5
47,4,1,1
47,5,1,6
47,6,1,4
47,7,2,5
47,8,2,2
47,9,2,4
47,10,3,3
47,11,3,0
47,12,3,8
47,13,4,7
47,14,4,5
47,15,4,5
47,16,4,1
47,17,5,2
47,18,5,1
47,19,5,1
47,20,6,2
47,21,6,1
47,22,6,1
47,23,7,7
47,24,7,6
47,25,7,2
47,26,8,8
47,27,8,4
47,28,8,1
48,1,0,1
48,2,0,4
48,3,0,8
48,4,1,3
48,5,1,0
48,6,1,4
48,7,2,8
48,8,2,3
48,9,2,8
48,10,3,0
48,11,3,4
48,12,3,4
48,13,4,3
48,14,4,2
48,15,4,8
48,16,4,1
48,17,5,5
48,18,5,5
48,19,5,5
48,20,6,4
48,21,6,8
48,22,6,6
48,23,7,7
48,24,7,3
48,25,7,6
48,26,8,8
48,27,8,8
48,28,8,8
49,1,0,3
49,2,0,2
49,3,0,8
49,4,1,4
49,5,1,6
49,6,1,5
49,7,2,5
49,8,2,1
49,9,2,0
49,10,3,6
49,11,3,8
49,12,3,2
49,13,4,4
49,14,4,6
49,15,4,4
49,16,4,8
49,17,5,5
49,18,5,5
49,19,5,5
49,20,6,4
49,21,6,2
49,22,6,7
49,23,7,2
49,24,7,6
49,25,7,0
49,26,8,8
49,27,8,7
49,28,8,5
50,1,0,8
50,2,0,7
50,3,0,5
50,4,1,5
50,5,1,7
50,6,1,1
50,7,2,7
50,8,2,4
50,9,2,7
50,10,3,8
50,11,3,7
50,12,3,6
50,13,4,4
50,14,4,4
50,15,4,7
50,16,4,4
50,17,5,5
50,18,5,5
50,19,5,5
50,20,6,4
50,21,6,4
50,22,6,4
50,23,7,2
50,24,7,6
50,25,7,5
50,26,8,8
50,27,8,4
50,28,8,7
51,1,0,0
51,2,0,5
51,3,0,8
51,4,1,3
51,5,1,3
51,6,1,5
51,7,2,8
51,8,2,5
51,9,2,4
51,10,3,8
51,11,3,4
51,12,3,1
51,13,4,3
51,14,4,4
51,15,4,8
51,16,4,4
51,17,5,5
51,18,5,4
51,19,5,5
51,20,6,7
51,21,6,3
51,22,6,4
51,23,7,5
51,24,7,3
51,25,7,4
51,26,8,0
51,27,8,1
51,28,8,8
52,1,0,4
52,2,0,4
52,3,0,1
52,4,1,4
52,5,1,0
52,6,1,2
52,7,2,7
52,8,2,4
52,9,2,4
52,10,3,4
52,11,3,4
52,12,3,7
52,13,4,4
52,14,4,4
52,15,4,4
52,16,4,4
52,17,5,4
52,18,5,8
52,19,5,5
52,20,6,4
52,21,6,4
52,22,6,4
52,23,7,4
52,24,7,4
52,25,7,6
52,26,8,6
52,27,8,4
52,28,8,7
53,1,0,3
53,2,0,1
53,3,0,5
53,4,1,8
53,5,1,0
53,6,1,1
53,7,2,8
53,8,2,0
53,9,2,4
53,10,3,4
53,11,3,4
53,12,3,4
53,13,4,2
53,14,4,6
53,15,4,0
53,16,4,2
53,17,5,2
53,18,5,8
53,19,5,5
53,20,6,8
53,21,6,7
53,22,6,1
53,23,7,8
53,24,7,7
53,25,7,2
53,26,8,6
53,27,8,5
53,28,8,8
54,1,0,4
54,2,0,0
54,3,0,4
54,4,1,3
54,5,1,5
54,6,1,4
54,7,2,4
54,8,2,2
54,9,2,4
54,10,3,4
54,11,3,3
54,12,3,4
54,13,4,3
54,14,4,8
54,15,4,4
54,16,4,5
54,17,5,5
54,18,5,5
54,19,5,5
54,20,6,2
54,21,6,6
54,22,6,3
54,23,7,6
54,24,7,8
54,25,7,8
54,26,8,4
54,27,8,3
54,28,8,8
55,1,0,2
55,2,0,2
55,3,0,5
55,4,1,3
55,5,1,4
55,6,1,3
55,7,2,0
55,8,2,4
55,9,2,4
55,10,3,4
55,11,3,3
55,12,3,2
55,13,4,0
55,14,4,4
55,15,4,2
55,16,4,2
55,17,5,0
55,18,5,1
55,19,5,4
55,20,6,2
55,21,6,5
55,22,6,1
55,23,7,5
55,24,7,1
55,25,7,7
55,26,8,8
55,27,8,2
55,28,8,6
56,1,0,3
56,2,0,0
56,3,0,0
56,4,1,8
56,5,1,4
56,6,1,3
56,7,2,6
56,8,2,3
56,9,2,4
56,10,3,4
56,11,3,3
56,12,3,3
56,13,4,1
56,14,4,0
56,15,4,4
56,16,4,1
56,17,5,2
56,18,5,1
56,19,5,5
56,20,6,8
56,21,6,2
56,22,6,4
56,23,7,7
56,24,7,5
56,25,7,4
56,26,8,4
56,27,8,4
56,28,8,0
57,1,0,4
57,2,0,6
57,3,0,7
57,4,1,3
57,5,1,3
57,6,1,8
57,7,2,8
57,8,2,7
57,9,2,3
57,10,3,2
57,11,3,8
57,12,3,8
57,13,4,4
57,14,4,0
57,15,4,3
57,16,4,4
57,17,5,2
57,18,5,2
57,19,5,5
57,20,6,3
57,21,6,3
57,22,6,5
57,23,7,5
57,24,7,3
57,25,7,2
57,26,8,6
57,27,8,0
57,28,8,3
58,1,0,5
58,2,0,8
58,3,0,5
58,4,1,4
58,5,1,3
58,6,1,4
58,7,2,6
58,8,2,0
58,9,2,4
58,10,3,1
58,11,3,0
58,12,3,6
58,13,4,8
58,14,4,3
58,15,4,1
58,16,4,8
58,17,5,6
58,18,5,5
58,19,5,3
58,20,6,3
58,21,6,4
58,22,6,6
58,23,7,7
58,24,7,2
58,25,7,6
58,26,8,4
58,27,8,5
58,28,8,7
59,1,0,4
59,2,0,4
59,3,0,5
59,4,1,5
59,5,1,4
59,6,1,2
59,7,2,4
59,8,2,3
59,9,2,4
59,10,3,5
59,11,3,4
59,12,3,4
59,13,4,4
59,14,4,3
59,15,4,6
59,16,4,0
59,17,5,5
59,18,5,4
59,19,5,5
59,20,6,4
59,21,6,5
59,22,6,3
59,23,7,4
59,24,7,3
59,25,7,4
59,26,8,5
59,27,8,4
59,28,8,4
60,1,0,7
60,2,0,0
60,3,0,0
60,4,1,4
60,5,1,0
60,6,1,0
60,7,2,0
60,8,2,4
60,9,2,0
60,10,3,8
60,11,3,2
60,12,3,7
60,13,4,0
60,14,4,0
60,15,4,0
60,16,4,0
60,17,5,7
60,18,5,3
60,19,5,1
60,20,6,3
60,21,6,4
60,22,6,3
60,23,7,4
60,24,7,8
60,25,7,3
60,26,8,3
60,27,8,3
60,28,8,3
61,1,0,7
61,2,0,1
61,3,0,3
61,4,1,0
61,5,1,2
61,6,1,3
61,7,2,0
61,8,2,5
61,9,2,7
61,10,3,3
61,11,3,4
61,12,3,8
61,13,4,3
61,14,4,5
61,15,4,0
61,16,4,5
61,17,5,2
61,18,5,5
61,19,5,0
61,20,6,3
61,21,6,2
61,22,6,0
61,23,7,2
61,24,7,3
61,25,7,5
61,26,8,4
61,27,8,0
61,28,8,4
62,1,0,2
62,2,0,4
62,3,0,4
62,4,1,6
62,5,1,4
62,6,1,8
62,7,2,4
62,8,2,7
62,9,2,4
62,10,3,8
62,11,3,5
62,12,3,8
62,13,4,2
62,14,4,6
62,15,4,2
62,16,4,5
62,17,5,1
62,18,5,6
62,19,5,3
62,20,6,4
62,21,6,3
62,22,6,3
62,23,7,4
62,24,7,5
62,25,7,5
62,26,8,3
62,27,8,4
62,28,8,3
63,1,0,0
63,2,0,5
63,3,0,4
63,4,1,4
63,5,1,4
63,6,1,0
63,7,2,7
63,8,2,5
63,9,2,4
63,10,3,4
63,11,3,4
63,12,3,3
63,13,4,6
63,14,4,3
63,15,4,3
63,16,4,5
63,17,5,5
63,18,5,1
63,19,5,4
63,20,6,6
63,21,6,4
63,22,6,4
63,23,7,4
63,24,7,4
63,25,7,3
63,26,8,4
63,27,8,4
63,28,8,6
64,1,0,1
64,2,0,4
64,3,0,6
64,4,1,3
64,5,1,2
64,6,1,4
64,7,2,0
64,8,2,4
64,9,2,8
64,10,3,3
64,11,3,6
64,12,3,3
64,13,4,4
64,14,4,4
64,15,4,5
64,16,4,8
64,17,5,5
64,18,5,5
64,19,5,5
64,20,6,6
64,21,6,4
64,22,6,6
64,23,7,5
64,24,7,8
64,25,7,5
64,26,8,4
64,27,8,2
64,28,8,4
65,1,0,8
65,2,0,8
65,3,0,3
65,4,1,7
65,5,1,3
65,6,1,4
65,7,2,2
65,8,2,2
65,9,2,7
65,10,3,8
65,11,3,0
65,12,3,8
65,13,4,6
65,14,4,6
65,15,4,2
65,16,4,3
65,17,5,4
65,18,5,5
65,19,5,6
65,20,6,7
65,21,6,2
65,22,6,2
65,23,7,2
65,24,7,4
65,25,7,8
65,26,8,7
65,27,8,0
65,28,8,7
66,1,0,3
66,2,0,4
66,3,0,3
66,4,1,4
66,5,1,5
66,6,1,5
66,7,2,3
66,8,2,5
66,9,2,3
66,10,3,4
66,11,3,8
66,12,3,6
66,13,4,6
66,14,4,3
66,15,4,3
66,16,4,8
66,17,5,4
66,18,5,2
66,19,5,5
66,20,6,6
66,21,6,3
66,22,6,3
66,23,7,3
66,24,7,8
66,25,7,6
66,26,8,8
66,27,8,4
66,28,8,8
67,1,0,4
67,2,0,2
67,3,0,8
67,4,1,5
67,5,1,0
67,6,1,4
67,7,2,4
67,8,2,3
67,9,2,7
67,10,3,0
67,11,3,5
67,12,3,5
67,13,4,5
67,14,4,5
67,15,4,7
67,16,4,5
67,17,5,5
67,18,5,8
67,19,5,2
67,20,6,5
67,21,6,5
67,22,6,5
67,23,7,5
67,24,7,5
67,25,7,8
67,26,8,5
67,27,8,8
67,28,8,5
68,1,0,3
68,2,0,8
68,3,0,8
68,4,1,8
68,5,1,6
68,6,1,3
68,7,2,8
68,8,2,3
68,9,2,3
68,10,3,7
68,11,3,4
68,12,3,6
68,13,4,7
68,14,4,1
68,15,4,5
68,16,4,5
68,17,5,5
68,18,5,8
68,19,5,1
68,20,6,8
68,21,6,4
68,22,6,3
68,23,7,5
68,24,7,5
68,25,7,0
68,26,8,6
68,27,8,5
68,28,8,6
69,1,0,8
69,2,0,5
69,3,0,3
69,4,1,3
69,5,1,2
69,6,1,5
69,7,2,3
69,8,2,8
69,9,2,3
69,10,3,3
69,11,3,3
69,12,3,3
69,13,4,0
69,14,4,5
69,15,4,0
69,16,4,5
69,17,5,5
69,18,5,2
69,19,5,6
69,20,6,2
69,21,6,0
69,22,6,2
69,23,7,5
69,24,7,3
69,25,7,0
69,26,8,2
69,27,8,2
69,28,8,5
70,1,0,6
70,2,0,8
70,3,0,4
70,4,1,6
70,5,1,8
70,6,1,6
70,7,2,1
70,8,2,4
70,9,2,7
70,10,3,5
70,11,3,8
70,12,3,8
70,13,4,7
70,14,4,4
70,15,4,7
70,16,4,7
70,17,5,5
70,18,5,0
70,19,5,8
70,20,6,7
70,21,6,8
70,22,6,7
70,23,7,4
70,24,7,7
70,25,7,4
70,26,8,8
70,27,8,3
70,28,8,8
71,1,0,4
71,2,0,6
71,3,0,3
71,4,1,8
71,5,1,6
71,6,1,1
71,7,2,5
71,8,2,6
71,9,2,5
71,10,3,0
71,11,3,6
71,12,3,8
71,13,4,3
71,14,4,3
71,15,4,5
71,16,4,3
71,17,5,5
71,18,5,7
71,19,5,3
71,20,6,7
71,21,6,0
71,22,6,1
71,23,7,5
71,24,7,0
71,25,7,4
71,26,8,2
71,27,8,8
71,28,8,4
72,1,0,1
72,2,0,4
72,3,0,4
72,4,1,1
72,5,1,4
72,6,1,4
72,7,2,6
72,8,2,8
72,9,2,4
72,10,3,7
72,11,3,5
72,12,3,6
72,13,4,2
72,14,4,4
72,15,4,3
72,16,4,7
72,17,5,2
72,18,5,5
72,19,5,0
72,20,6,8
72,21,6,6
72,22,6,8
72,23,7,5
72,24,7,2
72,25,7,5
72,26,8,7
72,27,8,4
72,28,8,2
73,1,0,7
73,2,0,4
73,3,0,8
73,4,1,8
73,5,1,4
73,6,1,1
73,7,2,4
73,8,2,4
73,9,2,8
73,10,3,8
73,11,3,8
73,12,3,4
73,13,4,8
73,14,4,3
73,15,4,4
73,16,4,8
73,17,5,5
73,18,5,4
73,19,5,5
73,20,6,0
73,21,6,7
73,22,6,4
73,23,7,5
73,24,7,5
73,25,7,4
73,26,8,7
73,27,8,7
73,28,8,7
74,1,0,0
74,2,0,4
74,3,0,8
74,4,1,4
74,5,1,7
74,6,1,3
74,7,2,6
74,8,2,4
74,9,2,4
74,10,3,7
74,11,3,1
74,12,3,8
74,13,4,4
74,14,4,5
74,15,4,5
74,16,4,0
74,17,5,3
74,18,5,2
74,19,5,8
74,20,6,8
74,21,6,5
74,22,6,5
74,23,7,3
74,24,7,4
74,25,7,4
74,26,8,1
74,27,8,4
74,28,8,5
75,1,0,0
75,2,0,4
75,3,0,6
75,4,1,3
75,5,1,1
75,6,1,6
75,7,2,4
75,8,2,4
75,9,2,3
75,10,3,4
75,11,3,5
75,12,3,7
75,13,4,4
75,14,4,8
75,15,4,4
75,16,4,8
75,17,5,2
75,18,5,5
75,19,5,4
75,20,6,6
75,21,6,7
75,22,6,4
75,23,7,4
75,24,7,5
75,25,7,3
75,26,8,4
75,27,8,4
75,28,8,3
76,1,0,8
76,2,0,3
76,3,0,1
76,4,1,3
76,5,1,2
76,6,1,6
76,7,2,4
76,8,2,6
76,9,2,5
76,10,3,6
76,11,3,7
76,12,3,4
76,13,4,3
76,14,4,3
76,15,4,2
76,16,4,4
76,17,5,6
76,18,5,4
76,19,5,8
76,20,6,1
76,21,6,1
76,22,6,8
76,23,7,7
76,24,7,4
76,25,7,4
76,26,8,8
76,27,8,1
76,28,8,8
77,1,0,4
77,2,0,4
77,3,0,4
77,4,1,3
77,5,1,5
77,6,1,6
77,7,2,3
77,8,2,1
77,9,2,8
77,10,3,8
77,11,3,5
77,12,3,8
77,13,4,4
77,14,4,4
77,15,4,6
77,16,4,4
77,17,5,1
77,18,5,4
77,19,5,5
77,20,6,2
77,21,6,4
77,22,6,2
77,23,7,5
77,24,7,4
77,25,7,1
77,26,8,5
77,27,8,8
77,28,8,8
78,1,0,4
78,2,0,8
78,3,0,4
78,4,1,7
78,5,1,6
78,6,1,5
78,7,2,8
78,8,2,4
78,9,2,6
78,10,3,4
78,11,3,6
78,12,3,3
78,13,4,4
78,14,4,4
78,15,4,5
78,16,4,4
78,17,5,8
78,18,5,4
78,19,5,6
78,20,6,5
78,21,6,7
78,22,6,8
78,23,7,1
78,24,7,1
78,25,7,1
78,26,8,4
78,27,8,4
78,28,8,2
79,1,0,4
79,2,0,7
79,3,0,4
79,4,1,4
79,5,1,8
79,6,1,4
79,7,2,7
79,8,2,5
79,9,2,7
79,10,3,7
79,11,3,7
79,12,3,3
79,13,4,3
79,14,4,6
79,15,4,4
79,16,4,4
79,17,5,3
79,18,5,6
79,19,5,5
79,20,6,0
79,21,6,1
79,22,6,5
79,23,7,3
79,24,7,5
79,25,7,8
79,26,8,4
79,27,8,8
79,28,8,5
80,1,0,5
80,2,0,4
80,3,0,8
80,4,1,8
80,5,1,5
80,6,1,7
80,7,2,3
80,8,2,7
80,9,2,4
80,10,3,3
80,11,3,5
80,12,3,7
80,13,4,5
80,14,4,5
80,15,4,3
80,16,4,4
80,17,5,1
80,18,5,4
80,19,5,4
80,20,6,4
80,21,6,6
80,22,6,7
80,23,7,3
80,24,7,4
80,25,7,3
80,26,8,7
80,27,8,4
80,28,8,3
81,1,0,6
81,2,0,7
81,3,0,7
81,4,1,4
81,5,1,5
81,6,1,1
81,7,2,7
81,8,2,8
81,9,2,8
81,10,3,1
81,11,3,3
81,12,3,4
81,13,4,8
81,14,4,8
81,15,4,8
81,16,4,7
81,17,5,7
81,18,5,6
81,19,5,8
81,20,6,1
81,21,6,1
81,22,6,1
81,23,7,0
81,24,7,8
81,25,7,1
81,26,8,4
81,27,8,4
81,28,8,7
82,1,0,3
82,2,0,4
82,3,0,4
82,4,1,4
82,5,1,3
82,6,1,4
82,7,2,4
82,8,2,4
82,9,2,3
82,10,3,4
82,11,3,6
82,12,3,7
82,13,4,2
82,14,4,7
82,15,4,4
82,16,4,4
82,17,5,4
82,18,5,4
82,19,5,7
82,20,6,7
82,21,6,5
82,22,6,4
82,23,7,5
82,24,7,8
82,25,7,7
82,26,8,5
82,27,8,0
82,28,8,0
83,1,0,6
83,2,0,0
83,3,0,7
83,4,1,8
83,5,1,0
83,6,1,4
83,7,2,3
83,8,2,4
83,9,2,4
83,10,3,7
83,11,3,4
83,12,3,0
83,13,4,8
83,14,4,8
83,15,4,5
83,16,4,4
83,17,5,1
83,18,5,6
83,19,5,3
83,20,6,5
83,21,6,8
83,22,6,8
83,23,7,5
83,24,7,5
83,25,7,6
83,26,8,6
83,27,8,6
83,28,8,7
84,1,0,0
84,2,0,3
84,3,0,7
84,4,1,0
84,5,1,6
84,6,1,5
84,7,2,4
84,8,2,4
84,9,2,0
84,10,3,7
84,11,3,4
84,12,3,7
84,13,4,8
84,14,4,4
84,15,4,4
84,16,4,7
84,17,5,4
84,18,5,3
84,19,5,1
84,20,6,5
84,21,6,7
84,22,6,3
84,23,7,5
84,24,7,7
84,25,7,1
84,26,8,8
84,27,8,8
84,28,8,7
85,1,0,7
85,2,0,4
85,3,0,2
85,4,1,3
85,5,1,4
85,6,1,7
85,7,2,8
85,8,2,8
85,9,2,4
85,10,3,6
85,11,3,4
85,12,3,3
85,13,4,4
85,14,4,4
85,15,4,7
85,16,4,4
85,17,5,3
85,18,5,7
85,19,5,7
85,20,6,3
85,21,6,7
85,22,6,3
85,23,7,3
85,24,7,7
85,25,7,8
85,26,8,4
85,27,8,4
85,28,8,7
86,1,0,0
86,2,0,6
86,3,0,3
86,4,1,4
86,5,1,5
86,6,1,8
86,7,2,5
86,8,2,4
86,9,2,0
86,10,3,1
86,11,3,8
86,12,3,3
86,13,4,0
86,14,4,7
86,15,4,6
86,16,4,3
86,17,5,5
86,18,5,7
86,19,5,4
86,20,6,3
86,21,6,8
86,22,6,7
86,23,7,5
86,24,7,3
86,25,7,3
86,26,8,6
86,27,8,8
86,28,8,8
87,1,0,3
87,2,0,3
87,3,0,4
87,4,1,3
87,5,1,2
87,6,1,4
87,7,2,0
87,8,2,5
87,9,2,4
87,10,3,6
87,11,3,4
87,12,3,1
87,13,4,4
87,14,4,6
87,15,4,4
87,16,4,4
87,17,5,5
87,18,5,5
87,19,5,3
87,20,6,7
87,21,6,4
87,22,6,2
87,23,7,4
87,24,7,4
87,25,7,4
87,26,8,4
87,27,8,4
87,28,8,4
88,1,0,5
88,2,0,5
88,3,0,3
88,4,1,5
88,5,1,4
88,6,1,2
88,7,2,4
88,8,2,3
88,9,2,3
88,10,3,0
88,11,3,3
88,12,3,3
88,13,4,1
88,14,4,6
88,15,4,4
88,16,4,5
88,17,5,6
88,18,5,7
88,19,5,7
88,20,6,4
88,21,6,3
88,22,6,3
88,23,7,4
88,24,7,7
88,25,7,8
88,26,8,7
88,27,8,4
88,28,8,3
89,1,0,4
89,2,0,1
89,3,0,4
89,4,1,3
89,5,1,4
89,6,1,8
89,7,2,4
89,8,2,5
89,9,2,3
89,10,3,4
89,11,3,8
89,12,3,4
89,13,4,0
89,14,4,0
89,15,4,4
89,16,4,5
89,17,5,5
89,18,5,5
89,19,5,5
89,20,6,5
89,21,6,8
89,22,6,3
89,23,7,4
89,24,7,7
89,25,7,8
89,26,8,8
89,27,8,5
89,28,8,1
90,1,0,4
90,2,0,0
90,3,0,7
90,4,1,8
90,5,1,6
90,6,1,5
90,7,2,4
90,8,2,8
90,9,2,6
90,10,3,7
90,11,3,1
90,12,3,2
90,13,4,4
90,14,4,6
90,15,4,3
90,16,4,2
90,17,5,4
90,18,5,0
90,19,5,6
90,20,6,8
90,21,6,6
90,22,6,8
90,23,7,3
90,24,7,7
90,25,7,1
90,26,8,1
90,27,8,4
90,28,8,0
91,1,0,4
91,2,0,4
91,3,0,4
91,4,1,5
91,5,1,4
91,6,1,5
91,7,2,8
91,8,2,5
91,9,2,4
91,10,3,4
91,11,3,4
91,12,3,4
91,13,4,5
91,14,4,3
91,15,4,4
91,16,4,0
91,17,5,5
91,18,5,3
91,19,5,3
91,20,6,1
91,21,6,4
91,22,6,8
91,23,7,4
91,24,7,8
91,25,7,8
91,26,8,5
91,27,8,1
91,28,8,0
92,1,0,5
92,2,0,5
92,3,0,5
92,4,1,2
92,5,1,4
92,6,1,3
92,7,2,2
92,8,2,4
92,9,2,0
92,10,3,6
92,11,3,8
92,12,3,1
92,13,4,1
92,14,4,1
92,15,4,1
92,16,4,3
92,17,5,6
92,18,5,3
92,19,5,8
92,20,6,1
92,21,6,3
92,22,6,2
92,23,7,4
92,24,7,3
92,25,7,8
92,26,8,4
92,27,8,8
92,28,8,0
93,1,0,6
93,2,0,7
93,3,0,7
93,4,1,4
93,5,1,4
93,6,1,1
93,7,2,1
93,8,2,8
93,9,2,8
93,10,3,6
93,11,3,3
93,12,3,3
93,13,4,4
93,14,4,4
93,15,4,6
93,16,4,3
93,17,5,8
93,18,5,4
93,19,5,5
93,20,6,6
93,21,6,2
93,22,6,4
93,23,7,4
93,24,7,5
93,25,7,7
93,26,8,4
93,27,8,5
93,28,8,5
94,1,0,4
94,2,0,0
94,3,0,4
94,4,1,5
94,5,1,4
94,6,1,6
94,7,2,4
94,8,2,2
94,9,2,3
94,10,3,3
94,11,3,7
94,12,3,4
94,13,4,6
94,14,4,4
94,15,4,8
94,16,4,4
94,17,5,5
94,18,5,6
94,19,5,1
94,20,6,8
94,21,6,8
94,22,6,3
94,23,7,3
94,24,7,7
94,25,7,4
94,26,8,6
94,27,8,4
94,28,8,8
95,1,0,4
95,2,0,4
95,3,0,7
95,4,1,4
95,5,1,1
95,6,1,4
95,7,2,4
95,8,2,8
95,9,2,0
95,10,3,1
95,11,3,4
95,12,3,3
95,13,4,0
95,14,4,4
95,15,4,0
95,16,4,7
95,17,5,0
95,18,5,6
95,19,5,1
95,20,6,1
95,21,6,1
95,22,6,1
95,23,7,4
95,24,7,1
95,25,7,8
95,26,8,1
95,27,8,8
95,28,8,1
96,1,0,8
96,2,0,1
96,3,0,0
96,4,1,0
96,5,1,5
96,6,1,8
96,7,2,1
96,8,2,1
96,9,2,1
96,10,3,3
96,11,3,5
96,12,3,2
96,13,4,2
96,14,4,7
96,15,4,2
96,16,4,1
96,17,5,8
96,18,5,8
96,19,5,7
96,20,6,8
96,21,6,8
96,22,6,8
96,23,7,0
96,24,7,7
96,25,7,5
96,26,8,5
96,27,8,1
96,28,8,1
97,1,0,5
97,2,0,1
97,3,0,5
97,4,1,3
97,5,1,1
97,6,1,8
97,7,2,1
97,8,2,8
97,9,2,5
97,10,3,4
97,11,3,3
97,12,3,0
97,13,4,0
97,14,4,7
97,15,4,8
97,16,4,7
97,17,5,4
97,18,5,7
97,19,5,4
97,20,6,6
97,21,6,7
97,22,6,5
97,23,7,7
97,24,7,0
97,25,7,3
97,26,8,8
97,27,8,4
97,28,8,6
98,1,0,0
98,2,0,3
98,3,0,0
98,4,1,4
98,5,1,2
98,6,1,3
98,7,2,6
98,8,2,1
98,9,2,7
98,10,3,3
98,11,3,3
98,12,3,3
98,13,4,7
98,14,4,3
98,15,4,7
98,16,4,8
98,17,5,5
98,18,5,5
98,19,5,5
98,20,6,3
98,21,6,1
98,22,6,4
98,23,7,1
98,24,7,8
98,25,7,8
98,26,8,4
98,27,8,7
98,28,8,7
99,1,0,6
99,2,0,7
99,3,0,1
99,4,1,6
99,5,1,6
99,6,1,7
99,7,2,1
99,8,2,3
99,9,2,2
99,10,3,2
99,11,3,6
99,12,3,3
99,13,4,2
99,14,4,8
99,15,4,3
99,16,4,5
99,17,5,4
99,18,5,3
99,19,5,2
99,20,6,7
99,21,6,8
99,22,6,8
99,23,7,2
99,24,7,4
99,25,7,2
99,26,8,5
99,27,8,8
99,28,8,6
100,1,0,5
100,2,0,8
100,3,0,4
100,4,1,7
100,5,1,0
100,6,1,8
100,7,2,6
100,8,2,3
100,9,2,1
100,10,3,0
100,11,3,8
100,12,3,3
100,13,4,5
100,14,4,4
100,15,4,3
100,16,4,5
100,17,5,8
100,18,5,4
100,19,5,2
100,20,6,6
100,21,6,8
100,22,6,7
100,23,7,7
100,24,7,4
100,25,7,2
100,26,8,2
100,27,8,1
100,28,8,8
101,1,0,0
101,2,0,8
101,3,0,1
101,4,1,4
101,5,1,4
101,6,1,5
101,7,2,8
101,8,2,8
101,9,2,2
101,10,3,8
101,11,3,3
101,12,3,4
101,13,4,2
101,14,4,4
101,15,4,5
101,16,4,4
101,17,5,4
101,18,5,2
101,19,5,0
101,20,6,0
101,21,6,8
101,22,6,6
101,23,7,0
101,24,7,3
101,25,7,8
101,26,8,3
101,27,8,5
101,28,8,6
102,1,0,0
102,2,0,3
102,3,0,1
102,4,1,6
102,5,1,6
102,6,1,5
102,7,2,5
102,8,2,5
102,9,2,3
102,10,3,5
102,11,3,8
102,12,3,8
102,13,4,6
102,14,4,7
102,15,4,3
102,16,4,8
102,17,5,2
102,18,5,3
102,19,5,7
102,20,6,2
102,21,6,5
102,22,6,0
102,23,7,0
102,24,7,4
102,25,7,6
102,26,8,0
102,27,8,7
102,28,8,2
103,1,0,8
103,2,0,3
103,3,0,5
103,4,1,4
103,5,1,8
103,6,1,0
103,7,2,8
103,8,2,0
103,9,2,8
103,10,3,4
103,11,3,7
103,12,3,8
103,13,4,5
103,14,4,8
103,15,4,3
103,16,4,0
103,17,5,7
103,18,5,8
103,19,5,4
103,20,6,2
103,21,6,8
103,22,6,6
103,23,7,7
103,24,7,2
103,25,7,7
103,26,8,4
103,27,8,0
103,28,8,4
104,1,0,5
104,2,0,4
104,3,0,1
104,4,1,8
104,5,1,7
104,6,1,4
104,7,2,1
104,8,2,2
104,9,2,7
104,10,3,7
104,11,3,8
104,12,3,4
104,13,4,6
104,14,4,8
104,15,4,4
104,16,4,5
104,17,5,8
104,18,5,0
104,19,5,8
104,20,6,0
104,21,6,4
104,22,6,4
104,23,7,6
104,24,7,7
104,25,7,1
104,26,8,2
104,27,8,8
104,28,8,8
105,1,0,6
105,2,0,1
105,3,0,2
105,4,1,1
105,5,1,3
105,6,1,0
105,7,2,2
105,8,2,5
105,9,2,4
105,10,3,2
105,11,3,4
105,12,3,6
105,13,4,7
105,14,4,7
105,15,4,6
105,16,4,0
105,17,5,7
105,18,5,7
105,19,5,6
105,20,6,2
105,21,6,3
105,22,6,6
105,23,7,5
105,24,7,7
105,25,7,6
105,26,8,6
105,27,8,5
105,28,8,6
106,1,0,4
106,2,0,8
106,3,0,2
106,4,1,8
106,5,1,8
106,6,1,0
106,7,2,7
106,8,2,6
106,9,2,5
106,10,3,7
106,11,3,8
106,12,3,1
106,13,4,5
106,14,4,4
106,15,4,3
106,16,4,6
106,17,5,6
106,18,5,8
106,19,5,8
106,20,6,4
106,21,6,5
106,22,6,3
106,23,7,4
106,24,7,5
106,25,7,7
106,26,8,8
106,27,8,1
106,28,8,3
107,1,0,8
107,2,0,4
107,3,0,4
107,4,1,0
107,5,1,7
107,6,1,6
107,7,2,1
107,8,2,1
107,9,2,4
107,10,3,3
107,11,3,5
107,12,3,1
107,13,4,7
107,14,4,1
107,15,4,3
107,16,4,5
107,17,5,3
107,18,5,7
107,19,5,4
107,20,6,0
107,21,6,4
107,22,6,6
107,23,7,1
107,24,7,0
107,25,7,6
107,26,8,7
107,27,8,3
107,28,8,6
108,1,0,3
108,2,0,4
108,3,0,7
108,4,1,5
108,5,1,6
108,6,1,8
108,7,2,2
108,8,2,8
108,9,2,8
108,10,3,7
108,11,3,3
108,12,3,8
108,13,4,2
108,14,4,5
108,15,4,7
108,16,4,5
108,17,5,5
108,18,5,7
108,19,5,2
108,20,6,1
108,21,6,3
108,22,6,4
108,23,7,4
108,24,7,0
108,25,7,8
108,26,8,4
108,27,8,2
108,28,8,8
109,1,0,8
109,2,0,3
109,3,0,3
109,4,1,1
109,5,1,8
109,6,1,4
109,7,2,0
109,8,2,6
109,9,2,3
109,10,3,1
109,11,3,3
109,12,3,8
109,13,4,0
109,14,4,1
109,15,4,0
109,16,4,7
109,17,5,5
109,18,5,2
109,19,5,7
109,20,6,3
109,21,6,7
109,22,6,8
109,23,7,5
109,24,7,4
109,25,7,5
109,26,8,5
109,27,8,4
109,28,8,8
110,1,0,5
110,2,0,4
110,3,0,2
110,4,1,8
110,5,1,6
110,6,1,1
110,7,2,5
110,8,2,5
110,9,2,4
110,10,3,5
110,11,3,6
110,12,3,4
110,13,4,3
110,14,4,8
110,15,4,8
110,16,4,5
110,17,5,0
110,18,5,8
110,19,5,2
110,20,6,4
110,21,6,6
110,22,6,7
110,23,7,4
110,24,7,7
110,25,7,0
110,26,8,5
110,27,8,8
110,28,8,7
111,1,0,4
111,2,0,0
111,3,0,2
111,4,1,1
111,5,1,2
111,6,1,2
111,7,2,6
111,8,2,2
111,9,2,2
111,10,3,8
111,11,3,6
111,12,3,6
111,13,4,5
111,14,4,4
111,15,4,4
111,16,4,4
111,17,5,4
111,18,5,4
111,19,5,5
111,20,6,6
111,21,6,5
111,22,6,5
111,23,7,3
111,24,7,5
111,25,7,3
111,26,8,2
111,27,8,5
111,28,8,0
112,1,0,7
112,2,0,2
112,3,0,6
112,4,1,0
112,5,1,4
112,6,1,6
112,7,2,2
112,8,2,7
112,9,2,8
112,10,3,2
112,11,3,8
112,12,3,8
112,13,4,4
112,14,4,5
112,15,4,6
112,16,4,8
112,17,5,0
112,18,5,5
112,19,5,8
112,20,6,7
112,21,6,8
112,22,6,8
112,23,7,5
112,24,7,8
112,25,7,2
112,26,8,8
112,27,8,3
112,28,8,8
113,1,0,8
113,2,0,4
113,3,0,7
113,4,1,0
113,5,1,0
113,6,1,4
113,7,2,5
113,8,2,5
113,9,2,2
113,10,3,5
113,11,3,7
113,12,3,3
113,13,4,3
113,14,4,0
113,15,4,0
113,16,4,4
113,17,5,4
113,18,5,7
113,19,5,6
113,20,6,3
113,21,6,5
113,22,6,4
113,23,7,2
113,24,7,4
113,25,7,4
113,26,8,3
113,27,8,8
113,28,8,2
114,1,0,2
114,2,0,5
114,3,0,2
114,4,1,4
114,5,1,4
114,6,1,5
114,7,2,7
114,8,2,5
114,9,2,2
114,10,3,4
114,11,3,7
114,12,3,2
114,13,4,5
114,14,4,6
114,15,4,5
114,16,4,0
114,17,5,5
114,18,5,4
114,19,5,5
114,20,6,4
114,21,6,3
114,22,6,0
114,23,7,0
114,24,7,1
114,25,7,3
114,26,8,0
114,27,8,6
114,28,8,2
115,1,0,4
115,2,0,8
115,3,0,5
115,4,1,4
115,5,1,5
115,6,1,6
115,7,2,2
115,8,2,6
115,9,2,1
115,10,3,2
115,11,3,5
115,12,3,0
115,13,4,2
115,14,4,0
115,15,4,4
115,16,4,7
115,17,5,4
115,18,5,5
115,19,5,4
115,20,6,0
115,21,6,2
115,22,6,7
115,23,7,2
115,24,7,4
115,25,7,5
115,26,8,0
115,27,8,7
115,28,8,2
116,1,0,7
116,2,0,2
116,3,0,0
116,4,1,3
116,5,1,8
116,6,1,5
116,7,2,7
116,8,2,3
116,9,2,1
116,10,3,1
116,11,3,6
116,12,3,6
116,13,4,3
116,14,4,6
116,15,4,5
116,16,4,7
116,17,5,3
116,18,5,7
116,19,5,1
116,20,6,6
116,21,6,3
116,22,6,7
116,23,7,1
116,24,7,0
116,25,7,5
116,26,8,4
116,27,8,7
116,28,8,3
117,1,0,8
117,2,0,0
117,3,0,4
117,4,1,8
117,5,1,3
117,6,1,3
117,7,2,7
117,8,2,7
117,9,2,3
117,10,3,7
117,11,3,2
117,12,3,8
117,13,4,1
117,14,4,3
117,15,4,6
117,16,4,4
117,17,5,7
117,18,5,5
117,19,5,1
117,20,6,1
117,21,6,5
117,22,6,0
117,23,7,6
117,24,7,3
117,25,7,8
117,26,8,3
117,27,8,5
117,28,8,8
